,Start,Count,AAA,AA1,AA2,AA3,A1,A2,A3,BBB1,BBB2,BBB3,BB1,BB2,BB3,B1,B2,B3,CCC1,CCC2,CCC3,CC,C,D
21,AAA,89.0,-19.750322203989214,0.0,0.0,0.0,0.0,0.0,0.0,0.0,0.0,0.0,0.0,0.0,0.0,0.0,0.0,0.0,0.0,0.0,0.0,0.0,0.0,0.0
20,AA1,56.0,0.0,-22.831069346224474,3.0,0.0,0.0,0.0,0.0,0.0,0.0,0.0,0.0,0.0,0.0,0.0,0.0,0.0,0.0,0.0,0.0,0.0,0.0,0.0
19,AA2,88.0,0.0,0.0,-25.923556475561533,-32.593277327074986,0.0,0.0,0.0,0.0,0.0,0.0,0.0,0.0,0.0,0.0,0.0,0.0,0.0,0.0,0.0,0.0,0.0,0.0
18,AA3,450.0,0.0,0.0,-36.90440851011954,-28.821091339433607,-25.371171224218575,-7.612056938612565,-45.0,0.0,0.0,0.0,0.0,0.0,0.0,0.0,0.0,0.0,0.0,0.0,0.0,0.0,0.0,0.0
17,A1,649.0,0.0,0.0,0.0,-12.31977623006843,-30.492409403651127,-28.218615353759834,-20.90124298220123,0.0,0.0,0.0,0.0,0.0,0.0,0.0,0.0,0.0,0.0,0.0,0.0,0.0,0.0,0.0
16,A2,1081.0,0.0,0.0,0.0,0.0,-24.01982653082681,-27.552365085264103,-38.44871710624109,-87.0,0.0,-18.311868568930798,0.0,0.0,0.0,0.0,0.0,0.0,0.0,0.0,0.0,0.0,0.0,0.0
15,A3,1066.0,0.0,0.0,0.0,0.0,0.0,-23.141501108127983,-35.13708043665152,-26.155654374571977,-25.333697712266567,-45.4677107272975,0.0,0.0,0.0,0.0,0.0,0.0,0.0,0.0,0.0,0.0,0.0,0.0
14,BBB1,1345.0,0.0,0.0,0.0,0.0,0.0,-49.9012202303247,-41.66678865207995,-33.629949079110425,-49.03543370815557,0.0,0.0,0.0,178.4532277932284,0.0,0.0,0.0,0.0,0.0,0.0,0.0,0.0,0.0
13,BBB2,1277.0,0.0,0.0,0.0,0.0,0.0,0.0,-56.19240855382615,-48.64372351361051,-50.13715442593384,-34.74998248613097,-11.844093382900304,0.0,0.0,0.0,0.0,0.0,0.0,0.0,0.0,0.0,0.0,0.0
12,BBB3,1012.0,0.0,0.0,0.0,0.0,0.0,0.0,-112.0,-81.73686863870206,-65.34975733591247,-51.38281182599102,-54.143339456828365,0.0,0.0,0.0,0.0,0.0,0.0,0.0,0.0,0.0,0.0,0.0
11,BB1,248.0,0.0,0.0,0.0,0.0,0.0,0.0,0.0,0.0,0.0,-89.45118869277091,-70.07204089659105,-38.5629711025328,-152.0,19.0,0.0,0.0,0.0,0.0,0.0,0.0,0.0,0.0
10,BB2,273.0,0.0,0.0,0.0,0.0,0.0,0.0,0.0,0.0,0.0,-97.06807817811955,-91.3183168368493,-57.27851325662956,-87.916984778401,62.76963106891252,0.0,202.0,0.0,0.0,0.0,0.0,0.0,0.0
9,BB3,271.0,0.0,0.0,0.0,0.0,0.0,0.0,0.0,0.0,0.0,0.0,-108.05348945644745,-58.0980301153879,-48.82846276330344,-65.78212336241319,742.3003694502873,0.0,0.0,0.0,0.0,0.0,0.0,0.0
8,B1,214.0,0.0,0.0,0.0,0.0,0.0,0.0,0.0,0.0,0.0,0.0,0.0,-113.20061820122102,-86.1835033506728,-51.23766755317424,-14.525858272727975,435.1255450228784,141.0,0.0,0.0,0.0,0.0,0.0
7,B2,245.0,0.0,0.0,0.0,0.0,0.0,0.0,0.0,0.0,0.0,0.0,0.0,-105.99322218653721,-66.23779816883572,-77.79903256434291,-75.22789759187981,-38.74880547682781,268.451820700567,379.9001691570811,0.0,0.0,0.0,0.0
6,B3,188.0,0.0,0.0,0.0,0.0,0.0,0.0,0.0,0.0,0.0,0.0,0.0,-134.0,-135.0,-272.5693795391617,-108.56687908227012,-43.325745397177954,227.72179913608775,878.3243090811222,468.26824404989577,0.0,2127.0,0.0
5,CCC1,135.0,0.0,0.0,0.0,0.0,0.0,0.0,0.0,0.0,0.0,0.0,0.0,0.0,-118.00000000000001,-464.0,-351.78666656883377,-113.42853623297104,-201.74655727705914,-113.13372258550248,842.3441749494091,0.0,0.0,7086.0
4,CCC2,75.0,0.0,0.0,0.0,0.0,0.0,0.0,0.0,0.0,0.0,0.0,0.0,0.0,0.0,0.0,-136.0,-644.0,-202.46634092781184,-138.47844821833846,599.6503375959434,1237.271474319556,1117.6979859322864,482.7711923256077
3,CCC3,40.0,0.0,0.0,0.0,0.0,0.0,0.0,0.0,0.0,0.0,0.0,0.0,0.0,0.0,0.0,-263.0,-412.0,-1159.5313935921718,298.9442831269683,49.09348622017797,-599.5716812859619,2693.122246075986,6439.0
2,CC,13.0,0.0,0.0,0.0,0.0,0.0,0.0,0.0,0.0,0.0,0.0,0.0,0.0,0.0,0.0,0.0,0.0,0.0,-423.0,0.0,1139.9622289923752,4218.809324252273,4513.0
1,C,5.0,0.0,0.0,0.0,0.0,0.0,0.0,0.0,0.0,0.0,0.0,0.0,0.0,0.0,0.0,0.0,0.0,0.0,0.0,-403.0,-1235.4773761273389,0.0,0.0
0,D,0.0,0.0,0.0,0.0,0.0,0.0,0.0,0.0,0.0,0.0,0.0,0.0,0.0,0.0,0.0,0.0,0.0,0.0,0.0,0.0,0.0,0.0,0.0
